{"entities":{"pages":{"home":{"id":"home","title":"Introduzione","url":"home.html","level":0,"tabIndex":0},"esericizi":{"id":"esericizi","title":"Esericizi","url":"esericizi.html","level":0,"pages":["articoli-su-curl","raccolta-pull-up"],"tabIndex":1},"articoli-su-curl":{"id":"articoli-su-curl","title":"Articoli su curl","url":"articoli-su-curl.html","level":1,"parentId":"esericizi","pages":["curl-con-manubri-01"],"tabIndex":0},"curl-con-manubri-01":{"id":"curl-con-manubri-01","title":"Curl con manubri 01","url":"curl-con-manubri-01.html","level":2,"parentId":"articoli-su-curl","tabIndex":0},"raccolta-pull-up":{"id":"raccolta-pull-up","title":"Articoli su pull-up","url":"raccolta-pull-up.html","level":1,"parentId":"esericizi","pages":["trazioni-per-principianti","pullup-01","trazioni-alla-sbarra-o-pull-up","australian-pull-up","tenute-isometriche"],"tabIndex":1},"trazioni-per-principianti":{"id":"trazioni-per-principianti","title":"Trazioni per principianti","url":"trazioni-per-principianti.html","level":2,"parentId":"raccolta-pull-up","tabIndex":0},"pullup-01":{"id":"pullup-01","title":"Trazioni a presa prona","url":"pullup-01.html","level":2,"parentId":"raccolta-pull-up","tabIndex":1},"trazioni-alla-sbarra-o-pull-up":{"id":"trazioni-alla-sbarra-o-pull-up","title":"Trazioni alla sbarra o pull up","url":"trazioni-alla-sbarra-o-pull-up.html","level":2,"parentId":"raccolta-pull-up","tabIndex":2},"australian-pull-up":{"id":"australian-pull-up","title":"Australian-pull-up","url":"australian-pull-up.html","level":2,"parentId":"raccolta-pull-up","tabIndex":3},"tenute-isometriche":{"id":"tenute-isometriche","title":"Tenute isometriche","url":"tenute-isometriche.html","level":2,"parentId":"raccolta-pull-up","tabIndex":4},"muscoli":{"id":"muscoli","title":"Muscoli","url":"muscoli.html","level":0,"pages":["brachiale","bicipite-brachiale","deltoide","grande-dorsale","grande-romboide","grande-rotondo","piccolo-romboide","trapezio","tricipite-brachiale"],"tabIndex":2},"brachiale":{"id":"brachiale","title":"Brachiale","url":"brachiale.html","level":1,"parentId":"muscoli","tabIndex":0},"bicipite-brachiale":{"id":"bicipite-brachiale","title":"Bicipite brachiale","url":"bicipite-brachiale.html","level":1,"parentId":"muscoli","tabIndex":1},"deltoide":{"id":"deltoide","title":"Deltoide","url":"deltoide.html","level":1,"parentId":"muscoli","tabIndex":2},"grande-dorsale":{"id":"grande-dorsale","title":"Grande Dorsale","url":"grande-dorsale.html","level":1,"parentId":"muscoli","tabIndex":3},"grande-romboide":{"id":"grande-romboide","title":"Grande Romboide","url":"grande-romboide.html","level":1,"parentId":"muscoli","tabIndex":4},"grande-rotondo":{"id":"grande-rotondo","title":"Grande Rotondo","url":"grande-rotondo.html","level":1,"parentId":"muscoli","tabIndex":5},"piccolo-romboide":{"id":"piccolo-romboide","title":"Piccolo Romboide","url":"piccolo-romboide.html","level":1,"parentId":"muscoli","tabIndex":6},"trapezio":{"id":"trapezio","title":"Trapezio","url":"trapezio.html","level":1,"parentId":"muscoli","tabIndex":7},"tricipite-brachiale":{"id":"tricipite-brachiale","title":"Tricipite brachiale","url":"tricipite-brachiale.html","level":1,"parentId":"muscoli","tabIndex":8},"ossa":{"id":"ossa","title":"Ossa","url":"ossa.html","level":0,"pages":["polso","omero"],"tabIndex":3},"polso":{"id":"polso","title":"Polso","url":"polso.html","level":1,"parentId":"ossa","tabIndex":0},"omero":{"id":"omero","title":"Omero","url":"omero.html","level":1,"parentId":"ossa","tabIndex":1},"glossario":{"id":"glossario","title":"Glossario","url":"glossario.html","level":0,"pages":["contrazione-concentrica-ed-eccentrica","estensione","flessione","muscoli-stabilizzatori","supinazione","pronazione"],"tabIndex":4},"contrazione-concentrica-ed-eccentrica":{"id":"contrazione-concentrica-ed-eccentrica","title":"Contrazione concentrica ed eccentrica","url":"contrazione-concentrica-ed-eccentrica.html","level":1,"parentId":"glossario","tabIndex":0},"estensione":{"id":"estensione","title":"Estensione","url":"estensione.html","level":1,"parentId":"glossario","tabIndex":1},"flessione":{"id":"flessione","title":"Flessione","url":"flessione.html","level":1,"parentId":"glossario","tabIndex":2},"muscoli-stabilizzatori":{"id":"muscoli-stabilizzatori","title":"Muscoli stabilizzatori","url":"muscoli-stabilizzatori.html","level":1,"parentId":"glossario","tabIndex":3},"supinazione":{"id":"supinazione","title":"Supinazione","url":"supinazione.html","level":1,"parentId":"glossario","tabIndex":4},"pronazione":{"id":"pronazione","title":"Pronazione","url":"pronazione.html","level":1,"parentId":"glossario","tabIndex":5}}},"topLevelIds":["home","esericizi","muscoli","ossa","glossario"]}